200,2.7612422
201,2.9187896
202,3.1313832
203,3.3164556
204,3.6980343
205,4.0154905
206,4.3482933
207,4.665707
208,4.9646654
209,5.1168666
210,5.2401032
211,5.214022
212,5.251832
213,5.2934785
214,5.1249123
215,5.029289
216,4.9986067
217,4.9594088
218,4.899264
219,4.9081764
220,4.8762846
221,4.792136
222,4.5868225
223,4.29345
224,3.9127011
225,3.5422652
226,3.0227296
227,2.6582024
228,2.247724
229,1.8972621
230,1.6368923
231,1.45899
232,1.3767972
233,1.314354
234,1.1810837
235,1.0499573
236,0.93426895
237,0.8956285
238,0.8533642
239,0.79647833
240,0.7301166
241,0.7048155
242,0.5922338
243,0.57267684
244,0.5381106
245,0.5191711
246,0.5075201
247,0.50256664
248,0.51202583
249,0.51325893
250,0.45761955
251,0.43653706
252,0.3683025
253,0.2965128
254,0.31618226
255,0.25714833
256,0.23316926
257,0.20651527
258,0.27522647
259,0.30367082
260,0.30598277
261,0.26580632
262,0.2207979
263,0.24453343
264,0.32265306
265,0.2240293
266,0.2484324
267,0.29370666
268,0.2812213
269,0.29009604
270,0.31099787
271,0.25873503
272,0.30257407
273,0.30270863
274,0.2946237
275,0.26331836
276,0.2666299
277,0.2995677
278,0.24170527
279,0.26793188
280,0.2683119
281,0.26189741
282,0.31566828
283,0.32508042
284,0.29888016
285,0.30651405
286,0.33012253
287,0.33489138
288,0.3753256
289,0.33240226
290,0.37471542
291,0.3511332
292,0.424375
293,0.45440176
294,0.41534084
295,0.46540374
296,0.43350914
297,0.43983507
298,0.46949944
299,0.46596524
300,0.41796687
301,0.46076393
302,0.43982744
303,0.4569525
304,0.49585593
305,0.45772585
306,0.4903868
307,0.5310685
308,0.4440127
309,0.5257063
310,0.4531379
311,0.47340438
312,0.47053045
313,0.46941772
314,0.45285746
315,0.45961362
316,0.45159248
317,0.47726792
318,0.42751518
319,0.50220615
320,0.4358908
321,0.45176163
322,0.45974535
323,0.41315028
324,0.4932627
325,0.4153813
326,0.4107081
327,0.42049938
328,0.3756218
329,0.39455172
330,0.4004222
331,0.40193117
332,0.4295957
333,0.38995716
334,0.41204858
335,0.48477203
336,0.47138458
337,0.47809196
338,0.49444228
339,0.49007714
340,0.51230454
341,0.5131854
342,0.52478665
343,0.53953594
344,0.5536309
345,0.62674373
346,0.6181148
347,0.6701166
348,0.65421635
349,0.6915098
350,0.7279363
351,0.7597559
352,0.8043841
353,0.8598942
354,0.8956718
355,0.94321656
356,1.0043858
357,1.0508007
358,1.1448312
359,1.188795
360,1.3103652
361,1.3943704
362,1.4914352
363,1.6363125
364,1.8068185
365,1.9070549
366,2.0700111
367,2.2132297
368,2.3735704
369,2.5382562
370,2.7082465
371,2.86433
372,3.068266
373,3.232546
374,3.4023352
375,3.5756335
376,3.8065965
377,4.0195208
378,4.1998754
379,4.3736987
380,4.538747
381,4.7105217
382,4.868238
383,4.9393744
384,4.94503
385,4.9594765
386,4.883433
387,4.75331
388,4.673236
389,4.5233
390,4.302438
391,4.106487
392,3.87209
393,3.6383164
394,3.3345156
395,3.0811636
396,2.7949235
397,2.5096107
398,2.3301845
399,2.1071646
400,1.9700913
401,1.830507
402,1.7473508
403,1.5806218
404,1.4559405
405,1.3244687
406,1.1824869
407,1.0505022
408,0.9156567
409,0.7985206
410,0.745917
411,0.6669102
412,0.6329835
413,0.5836437
414,0.58285093
415,0.5753905
416,0.54263777
417,0.5685379
418,0.61138403
419,0.5545249
420,0.50850564
421,0.5996517
422,0.6498983
423,0.574624
424,0.61211824
425,0.5647467
426,0.5662813
427,0.541054
428,0.5240264
429,0.5854475
430,0.5251432
431,0.46866614
432,0.511768
433,0.5196017
434,0.5016477
435,0.52573085
436,0.4720374
437,0.42878103
438,0.4538684
439,0.35558423
440,0.34890497
441,0.30686748
442,0.3149377
443,0.3320265
444,0.25089985
445,0.27830553
446,0.28029457
447,0.34916067
448,0.39607662
449,0.38032997
450,0.44525898
451,0.45776197
452,0.5062401
453,0.4766903
454,0.4320655
455,0.40329507
456,0.38166612
457,0.3197947
458,0.32005966
459,0.2974094
460,0.3188148
461,0.27760223
462,0.3712427
463,0.35061526
464,0.39078006
465,0.39770424
466,0.37646684
467,0.37222752
468,0.37634665
469,0.37898782
470,0.37703705
471,0.37655297
472,0.326082
473,0.36970517
474,0.3039942
475,0.3414083
476,0.2952517
477,0.32092607
478,0.3200642
479,0.31556556
480,0.319896
481,0.3655289
482,0.39166304
483,0.3765732
484,0.38482767
485,0.30325195
486,0.3639844
487,0.3991559
488,0.37712055
489,0.3283362
490,0.3654754
491,0.27674577
492,0.3495706
493,0.3489584
494,0.32610786
495,0.35812786
496,0.35404065
497,0.35499296
498,0.41169062
499,0.43025976
500,0.44428816
501,0.41549027
502,0.45920426
503,0.449031
504,0.4472098
505,0.40863445
506,0.3750815
507,0.39945933
508,0.3324489
509,0.33540326
510,0.363745
511,0.36431482
512,0.34760186
513,0.35634345
514,0.37333375
515,0.36149713
516,0.3173962
517,0.3004444
518,0.33978936
519,0.33594692
520,0.3443811
521,0.34987038
522,0.33498693
523,0.3705791
524,0.36704192
525,0.3127014
526,0.39185253
527,0.3611676
528,0.44623637
529,0.43520442
530,0.49197495
531,0.4573503
532,0.47286868
533,0.46515578
534,0.5616348
535,0.4695108
536,0.50164336
537,0.3687441
538,0.45009905
539,0.531792
540,0.51285845
541,0.51391613
542,0.5792882
543,0.5561812
544,0.5327844
545,0.5454909
546,0.50492257
547,0.49510917
548,0.51402986
549,0.51782185
550,0.49665394
551,0.46296874
552,0.5156448
553,0.4632605
554,0.5051913
555,0.47490367
556,0.46480763
557,0.49427533
558,0.48294905
559,0.4995973
560,0.4835391
561,0.4606991
562,0.47670048
563,0.44216222
564,0.48077023
565,0.48651898
566,0.4555616
567,0.47181243
568,0.4141911
569,0.42265075
570,0.44148302
571,0.42910737
572,0.429451
573,0.40528235
574,0.43652388
575,0.46704456
576,0.47805408
577,0.41440904
578,0.4292906
579,0.40660933
580,0.4605226
581,0.45913652
582,0.48960117
583,0.45701912
584,0.40496257
585,0.42622003
586,0.48598662
587,0.43753204
588,0.42452976
589,0.4727616
590,0.48514214
591,0.43748337
592,0.40875393
593,0.4206957
594,0.38142776
595,0.36020166
596,0.34006447
597,0.41024795
598,0.37677175
599,0.40162238
600,0.38244638
601,0.3826595
602,0.4228062
603,0.372228
604,0.42167795
605,0.4541395
606,0.4392172
607,0.4344308
608,0.4035274
609,0.4519652
610,0.43142983
611,0.45489326
612,0.45792326
613,0.44649875
614,0.438775
615,0.44879046
616,0.4395616
617,0.47052684
618,0.47829196
619,0.476792
620,0.46869585
621,0.48767418
622,0.5068883
623,0.4859957
624,0.5231624
625,0.5177702
626,0.5214378
627,0.56492907
628,0.57370913
629,0.55766124
630,0.5203549
631,0.58144
632,0.55212325
633,0.5760321
634,0.49204946
635,0.54048336
636,0.47659403
637,0.47237197
638,0.44541636
639,0.4392286
640,0.47230276
641,0.50219035
642,0.49954936
643,0.5297366
644,0.5168895
645,0.45742553
646,0.5319906
647,0.504021
648,0.5290453
649,0.5262418
650,0.57325727
651,0.54907465
652,0.5371179
653,0.570588
654,0.5809467
655,0.5747747
656,0.6210681
657,0.6211267
658,0.6778758
659,0.6825088
660,0.7227238
661,0.663676
662,0.6395131
663,0.6422761
664,0.6442834
665,0.60311204
666,0.6225233
667,0.59798604
668,0.62214905
669,0.6254202
670,0.59246194
671,0.5422764
672,0.5434755
673,0.56678915
674,0.5659433
675,0.5508119
676,0.6168378
677,0.6178739
678,0.6068296
679,0.60618776
680,0.60037386
681,0.61784816
682,0.60805374
683,0.51409894
684,0.54530936
685,0.5230436
686,0.54268116
687,0.528618
688,0.50629336
689,0.54582447
690,0.5049326
691,0.47182253
692,0.49097767
693,0.42649886
694,0.38858777
695,0.40843138
696,0.3931687
697,0.3367209
698,0.33883554
699,0.31684977
700,0.29964486
701,0.3142509
702,0.31306532
703,0.3817866
704,0.4310535
705,0.51110095
706,0.4984336
707,0.5798959
708,0.59221536
709,0.5821729
710,0.60967845
711,0.6120949
712,0.5662371
713,0.49325305
714,0.47376058
715,0.38666928
716,0.39900124
717,0.35935923
718,0.37340987
719,0.40489188
720,0.44041815
721,0.41720033
722,0.43120655
723,0.42800766
724,0.37641564
725,0.1363207
726,-0.015821736
727,0.1571404
728,0.16203971
729,0.30604154
730,0.9168015
731,1.9185163
732,3.0735803
733,4.487908
734,5.831872
735,6.391219
736,6.5243983
737,6.391358
738,6.2957788
739,5.0112534
740,3.9147992
741,2.3452165
742,1.1554307
743,0.50793225
744,0.5115485
745,0.73345315
746,0.77225155
747,0.8354608
748,1.2394825
749,1.1971854
750,1.1560371
751,1.0697386
752,0.86593336
753,0.64847875
754,0.4183324
755,0.4073488
756,0.45638636
757,0.49259
758,0.5835172
759,0.70550936
760,0.7611053
761,0.78842294
762,0.72088236
763,0.6068588
764,0.415732
765,0.3124896
766,0.22063595
767,0.3262386
768,0.34276524
769,0.40715417
770,0.5004053
771,0.5151787
772,0.6206961
773,0.6339332
774,0.68998325
775,0.68206
776,0.6697848
777,0.6846373
778,0.73879343
779,0.72140783
780,0.83170253
781,0.927569
782,1.0527186
783,1.1656322
784,1.2532074
785,1.3558855
786,1.5785872
787,1.6166365
788,1.7306068
789,1.768033
790,1.6738094
791,1.5529761
792,1.4253947
793,1.1848173
794,0.9883129
795,0.84332156
796,0.731801
797,0.7164119
798,0.7628565
799,0.72901654
800,0.7185121
801,0.7518399
802,0.71231663
803,0.7228497
804,0.6515952
805,0.6627855
806,0.66959023
807,0.6908148
808,0.6913743
809,0.6617425
810,0.6161684
811,0.52166337
812,0.47306567
813,0.37488443
814,0.383106
815,0.35763142
816,0.40783778
817,0.44455346
818,0.39782256
819,0.4645121
820,0.39931613
821,0.40750048
822,0.41681406
823,0.39155474
824,0.33116966
825,0.38710725
826,0.43299383
827,0.4313858
828,0.4064097
829,0.37746465
830,0.3943939
831,0.39424828
832,0.33717546
833,0.35123688
834,0.33786976
835,0.30908784
836,0.32042667
837,0.32002693
838,0.3007809
839,0.2909794
840,0.2852778
841,0.28639865
842,0.2900508
843,0.24961518
844,0.24335681
845,0.25338712
846,0.2654865
847,0.32043594
848,0.36681652
849,0.36780617
850,0.3325207
851,0.36775917
852,0.36779505
853,0.39788902
854,0.432876
855,0.44168267
856,0.5009471
857,0.44120088
858,0.4989795
859,0.47523654
860,0.53856003
861,0.5306158
862,0.5506972
863,0.54707515
864,0.5052078
865,0.48225167
866,0.50846106
867,0.47062176
868,0.48696008
869,0.5378291
870,0.5139518
871,0.49398366
872,0.51063925
873,0.5012862
874,0.5785442
875,0.5380418
876,0.604821
877,0.62281317
878,0.67339903
879,0.7134197
880,0.74001515
881,0.7210138
882,0.73660403
883,0.70040077
884,0.7254828
885,0.7428739
886,0.7566338
887,0.79966486
888,0.8058234
889,0.80826384
890,0.80573136
891,0.7884338
892,0.79977757
893,0.78793794
894,0.75470436
895,0.7590644
896,0.74240303
897,0.717669
898,0.7373888
899,0.7789296
900,0.7201561
901,0.7142437
902,0.7066915
903,0.7306079
904,0.72316957
905,0.72149867
906,0.7697951
907,0.83839417
908,0.87492615
909,0.86553204
910,0.85101396
911,0.79401344
912,0.7919938
913,0.72050416
914,0.69550836
915,0.702329
916,0.7779214
917,0.7589064
918,0.81026566
919,0.84388393
920,0.7582489
921,0.7396926
922,0.7341255
923,0.69253033
924,0.7258063
925,0.694341
926,0.6632391
927,0.69702446
928,0.66422224
929,0.6457027
930,0.5924633
931,0.5501969
932,0.51283807
933,0.5037396
934,0.47339606
935,0.46282852
936,0.4739855
937,0.44797024
938,0.48597032
939,0.48276436
940,0.5091375
941,0.54125935
942,0.49303347
943,0.54959357
944,0.5608016
945,0.6063736
946,0.64631736
947,0.6924889
948,0.7031879
949,0.75263774
950,0.7567039
951,0.7438959
952,0.6727821
953,0.6465297
954,0.5903365
955,0.58803475
956,0.5247399
957,0.4772722
958,0.4257354
959,0.3972203
960,0.39387876
961,0.38918903
962,0.36742386
963,0.42834225
964,0.40093908
965,0.41832945
966,0.38236073
967,0.40646952
968,0.47619978
969,0.5062004
970,0.4886797
971,0.5453674
972,0.54154515
973,0.5403968
974,0.52740574
975,0.56403154
976,0.5608753
977,0.48143864
978,0.4613142
979,0.44615877
980,0.47954985
981,0.42361012
982,0.3688816
983,0.44969645
984,0.5048026
985,0.59059113
986,0.8769463
987,1.2341841
988,1.3355427
989,1.3353413
990,1.3821377
991,1.4027262
992,1.1803635
993,1.3830194
994,0.95937985
995,0.7483149
996,0.8459367
997,2.390953
998,3.9629855
999,5.8153763
1000,7.7728186
1001,9.626284
1002,9.702559
1003,9.77631
1004,10.1689825
1005,9.393884
1006,7.496818
1007,5.354441
1008,2.946346
1009,1.1314106
1010,-0.45879564
1011,-0.43429065
1012,-0.16603453
1013,-0.85410494
1014,0.0884289
1015,0.54805386
1016,0.044621605
1017,0.43514687
1018,1.0464439
1019,0.061270025
1020,0.507374
1021,-0.13262682
1022,0.66799164
1023,1.3700174
1024,1.3366904
1025,1.7058944
1026,1.2772491
1027,1.2243931
1028,0.9153754
1029,0.79268026
1030,0.688082
1031,0.5549722
1032,0.5087876
1033,0.4536328
1034,0.46425465
1035,0.53388846
1036,0.68512785
1037,0.80852264
1038,0.79687375
1039,0.7353268
1040,0.6888627
1041,0.6332828
1042,0.6276858
1043,0.7445281
1044,0.81254786
1045,0.81280804
1046,0.78377485
1047,0.7325825
1048,0.805943
1049,0.90872675
1050,0.93963146
1051,0.8782128
1052,0.9045798
1053,0.8587915
1054,0.9373443
1055,0.9180396
1056,0.9426
1057,0.89372206
1058,0.9205477
1059,0.8587019
1060,0.83063364
1061,0.7735227
1062,0.7714956
1063,0.757375
1064,0.719962
1065,0.6852347
1066,0.7046896
1067,0.66701293
1068,0.64149344
1069,0.64266723
1070,0.6100184
1071,0.6007719
1072,0.6938216
1073,0.6810063
1074,0.65855527
1075,0.7260456
1076,0.7896908
1077,0.76788807
1078,0.80436736
1079,0.76331866
1080,0.7718791
1081,0.84388834
1082,0.7610572
1083,0.78630525
1084,0.7734337
1085,0.70969146
1086,0.7924893
1087,0.74924314
1088,0.69717664
1089,0.7879689
1090,0.78060615
1091,0.73103535
1092,0.8024994
1093,0.809565
1094,0.84431297
1095,0.80813885
1096,0.82050985
1097,0.8260734
1098,0.80012393
1099,0.7539006
1100,0.7903252
1101,0.78843683
1102,0.770287
1103,0.81558144
1104,0.82688975
1105,0.7894758
1106,0.814387
1107,0.74077106
1108,0.82401013
1109,0.7821407
1110,0.774467
1111,0.75623757
1112,0.7154216
1113,0.7626763
1114,0.76407075
1115,0.740782
1116,0.7559778
1117,0.7548079
1118,0.7423492
1119,0.728184
1120,0.78149104
1121,0.75025773
1122,0.7404002
1123,0.7371597
1124,0.78642577
1125,0.6994188
1126,0.7062992
1127,0.6890801
1128,0.72259414
1129,0.71330607
1130,0.68100524
1131,0.6576554
1132,0.6627354
1133,0.6767597
1134,0.664494
1135,0.6861015
1136,0.7049984
1137,0.6793099
1138,0.7263365
1139,0.6715571
1140,0.7021623
1141,0.72170436
1142,0.7599432
1143,0.75924546
1144,0.7336579
1145,0.6961875
1146,0.7334136
1147,0.74046063
1148,0.6524852
1149,0.67041564
1150,0.709645
1151,0.7076876
1152,0.67273116
1153,0.7215765
1154,0.7631697
1155,0.72867525
1156,0.7474417
1157,0.7234186
1158,0.70581365
1159,0.73722667
1160,0.6647497
1161,0.688615
1162,0.7031732
1163,0.70087445
1164,0.6963054
1165,0.66322285
1166,0.63318384
1167,0.7021305
1168,0.6689532
1169,0.63002604
1170,0.6349176
1171,0.63681453
1172,0.60963506
1173,0.63556504
1174,0.6587857
1175,0.6402568
1176,0.6643568
1177,0.60421365
1178,0.5918371
1179,0.64880025
1180,0.5674736
1181,0.6041435
1182,0.59033054
1183,0.5766898
1184,0.56283236
1185,0.54077256
1186,0.5365507
1187,0.5749592
1188,0.50475675
1189,0.5624251
1190,0.55203694
1191,0.5580038
1192,0.5466919
1193,0.5371637
1194,0.5100937
1195,0.48199224
1196,0.49150652
1197,0.46205413
1198,0.48191524
1199,0.44731116
1200,0.45670256
1201,0.47441936
1202,0.51519644
1203,0.53328395
1204,0.50989974
1205,0.51218283
1206,0.45834902
1207,0.4781836
1208,0.46086848
1209,0.47114506
1210,0.43937337
1211,0.4752296
1212,0.446663
1213,0.4584111
1214,0.425609
1215,0.45635498
1216,0.4269621
1217,0.43694076
1218,0.46179813
1219,0.38643044
1220,0.4085373
1221,0.3835577
1222,0.3368662
1223,0.3800178
1224,0.40376395
1225,0.43469197
1226,0.42276916
1227,0.456412
1228,0.43120864
1229,0.49412113
1230,0.40247643
1231,0.4179651
1232,0.41382378
1233,0.42275396
1234,0.4342657
1235,0.43095112
1236,0.4446202
1237,0.4677434
1238,0.46775302
1239,0.46889517
1240,0.48596078
1241,0.5002553
1242,0.5111709
1243,0.48046446
1244,0.5478886
1245,0.533985
1246,0.5993213
1247,0.5330691
1248,0.65086937
1249,0.6362245
1250,0.65475017
1251,0.68839824
1252,0.7399714
1253,0.78894395
1254,0.7699483
1255,0.7965563
1256,0.82536703
1257,0.83834755
1258,0.8851144
1259,0.91495055
1260,0.9357394
1261,0.9602118
1262,0.9438819
1263,1.0043931
1264,1.0622095
1265,1.0557746
1266,1.0675839
1267,1.0649332
1268,1.0289745
1269,1.094608
1270,1.0409735
1271,1.0426828
1272,1.0433718
1273,1.0241133
1274,1.0526932
1275,1.0391204
1276,0.97088575
1277,0.9768851
1278,0.98977494
1279,0.9846318
1280,0.9370229
1281,0.90129864
1282,0.9023766
1283,0.8394496
1284,0.77278763
1285,0.75379646
1286,0.70539135
1287,0.67384267
1288,0.5618314
1289,0.5946362
1290,0.5130161
1291,0.46688768
1292,0.46688104
1293,0.51405084
1294,0.45429918
1295,0.4441359
1296,0.444161
1297,0.42631447
1298,0.40054137
1299,0.38192695
1300,0.37708724
1301,0.35997605
1302,0.43738586
1303,0.41895682
1304,0.41131252
1305,0.45088238
1306,0.52033925
1307,0.5703738
1308,0.5903024
1309,0.6865468
1310,0.7883315
1311,0.85576826
1312,0.9451278
1313,1.0646462
1314,1.0599638
1315,1.2375252
1316,1.3385074
1317,1.5222604
1318,1.6644137
1319,1.7767634
1320,1.9119087
1321,2.0567536
1322,2.1877246
1323,2.277735
1324,2.4416363
1325,2.5777643
1326,2.7149272
1327,2.8569984
1328,2.9058592
1329,3.0276718
1330,3.136807
1331,3.177461
1332,3.2305815
1333,3.2404468
1334,3.2022157
1335,3.120535
1336,2.9088585
1337,2.7942858
1338,2.4922595
1339,2.3784463
1340,2.1309538
1341,1.9729023
1342,1.7141968
1343,1.5408518
1344,1.382333
1345,1.2636132
1346,1.1428542
1347,1.0467559
1348,0.95308846
1349,0.8787019
1350,0.76374316
1351,0.7338934
1352,0.62266785
1353,0.55596817
1354,0.50130355
1355,0.4296521
1356,0.42524904
1357,0.43780863
1358,0.39171973
1359,0.38675752
1360,0.38483122
1361,0.3451288
1362,0.38025442
1363,0.3125832
1364,0.36657134
1365,0.3056482
1366,0.32792255
1367,0.30253682
1368,0.32429263
1369,0.32408834
1370,0.34089828
1371,0.34363225
1372,0.3663177
1373,0.41271606
1374,0.42073825
1375,0.39027894
1376,0.36681932
1377,0.29490387
1378,0.26716197
1379,0.24697767
1380,0.25392118
1381,0.2320095
1382,0.18925871
1383,0.23874076
1384,0.21584399
1385,0.24308449
1386,0.20741244
1387,0.3318666
1388,0.38627225
1389,0.4862784
1390,0.42883864
1391,0.47843993
1392,0.49312586
1393,0.5664521
1394,0.57045084
1395,0.60109484
1396,0.69550526
1397,0.7448397
1398,0.72149646
1399,0.75220305
1400,0.7898578
1401,0.78758323
1402,0.79165894
1403,0.8225978
1404,0.9299178
1405,0.98964417
1406,0.9914392
1407,1.110398
1408,1.053715
1409,1.0960525
1410,1.1278483
1411,1.175759
1412,1.2980989
1413,1.4239649
1414,1.5712867
1415,1.6275574
1416,1.6369402
1417,1.626078
1418,1.6209556
1419,1.6967936
1420,1.7544657
1421,1.7382042
1422,1.8188221
1423,1.8233721
1424,1.8919808
1425,1.9234446
1426,1.905792
1427,2.001241
1428,1.9856448
1429,2.0351257
1430,2.0490081
1431,2.1478524
1432,2.1177661
1433,2.119345
1434,2.15734
1435,2.0989459
1436,2.09972
1437,2.1048744
1438,2.1067688
1439,2.0954978
1440,2.0392697
1441,2.063501
1442,2.035994
1443,1.9951622
1444,1.9105809
1445,1.9022586
1446,1.8506529
1447,1.8579066
1448,1.845599
1449,1.812409
1450,1.8195728
1451,1.8033564
1452,1.7639984
1453,1.7679325
1454,1.7621822
1455,1.7672236
1456,1.726126
1457,1.6676524
1458,1.6842086
1459,1.6597738
1460,1.6823503
1461,1.6562068
1462,1.6270349
1463,1.5617775
1464,1.5872766
1465,1.5206829
1466,1.448554
1467,1.4298427
1468,1.3765501
1469,1.4159498
1470,1.3289169
1471,1.2926242
1472,1.270068
1473,1.3031238
1474,1.2834944
1475,1.2655569
1476,1.2570932
1477,1.2633214
1478,1.2438216
1479,1.206217
1480,1.2412012
1481,1.1935668
1482,1.2524594
1483,1.3076296
1484,1.2782005
1485,1.3017741
1486,1.3007132
1487,1.2903508
1488,1.2827035
1489,1.2807208
1490,1.2689232
1491,1.3113167
1492,1.3142883
1493,1.3705928
1494,1.3573046
1495,1.3358313
1496,1.3848286
1497,1.3766557
1498,1.3830744
1499,1.3786087
1500,1.360642
1501,1.4081827
1502,1.4370955
1503,1.4483584
1504,1.4151992
1505,1.4147744
1506,1.3900462
1507,1.3620219
1508,1.3499563
1509,1.3829508
1510,1.3295492
1511,1.3602235
1512,1.334463
1513,1.3674521
1514,1.3494991
1515,1.3903679
1516,1.3510097
1517,1.4054954
1518,1.335161
1519,1.3811394
1520,1.3692219
1521,1.3549674
1522,1.3902653
1523,1.2746994
1524,1.2783514
1525,1.2599841
1526,1.2564704
1527,1.2719795
1528,1.2242806
1529,1.253809
1530,1.2371294
1531,1.2350832
1532,1.2385316
1533,1.2471856
1534,1.2267656
1535,1.1791795
1536,1.1704079
1537,1.1763359
1538,1.1724874
1539,1.1454653
1540,1.1271744
1541,1.0897588
1542,1.0467659
1543,1.0160556
1544,1.0081509
1545,0.98867273
1546,0.98484117
1547,0.97285867
1548,0.95245546
1549,0.9652105
1550,0.89097786
1551,0.91634953
1552,0.870186
1553,0.8859491
1554,0.82734287
1555,0.8126173
1556,0.7943858
1557,0.77550775
1558,0.77144945
1559,0.7393674
1560,0.6960603
1561,0.6253947
1562,0.63250625
1563,0.60996246
1564,0.6206823
1565,0.54114515
1566,0.5691088
1567,0.5343642
1568,0.48026842
1569,0.507609
1570,0.43768364
1571,0.4736746
1572,0.404647
1573,0.43684107
1574,0.41903237
1575,0.43862125
1576,0.41489917
1577,0.45193332
1578,0.36998037
1579,0.37830448
1580,0.36860225
1581,0.3275151
1582,0.29560918
1583,0.21076554
1584,0.20577185
1585,0.20027176
1586,0.18914796
1587,0.19219491
1588,0.24665898
1589,0.29891723
1590,0.36107007
1591,0.4666995
1592,0.7027825
1593,0.8283689
1594,1.0175506
1595,1.2555234
1596,1.4722058
1597,1.7028257
1598,1.9820697
1599,2.216809
1600,2.449018
1601,2.681593
1602,2.8439107
1603,3.012748
1604,3.161306
1605,3.3260965
1606,3.4739223
1607,3.6300519
1608,3.73283
1609,3.8771644
1610,3.7745197
1611,3.6998866
1612,3.6581736
1613,3.4478276
1614,3.1425529
1615,2.8175385
1616,2.43666
1617,2.1431906
1618,1.871186
1619,1.6181501
1620,1.5105516
1621,1.4002388
1622,1.3751945
1623,1.3291048
1624,1.4328629
1625,1.5312924
1626,1.5964702
1627,1.7280846
1628,1.860756
1629,2.0038674
1630,2.2123141
1631,2.3785222
1632,2.584394
1633,2.793331
1634,2.960339
1635,3.1980386
1636,3.43155
1637,3.6693242
1638,3.8687246
1639,4.0778418
1640,4.3389826
1641,4.533224
1642,4.762914
1643,4.909283
1644,5.1722274
1645,5.370472
1646,5.561441
1647,5.764157
1648,5.9602365
1649,6.118872
1650,6.2806964
1651,6.434711
1652,6.5605764
1653,6.6131744
1654,6.6558614
1655,6.6874337
1656,6.6174474
1657,6.5349455
1658,6.4153
1659,6.320826
1660,6.1192236
1661,5.858953
1662,5.689451
1663,5.4068656
1664,5.138806
1665,4.847356
1666,4.512376
1667,4.220849
1668,3.8966196
1669,3.5671394
1670,3.2485573
1671,3.0765731
1672,2.9112875
1673,2.5942574
1674,2.4615576
1675,2.2409995
1676,2.0861
1677,1.9518857
1678,1.7416805
1679,1.603898
1680,1.4451048
1681,1.3057827
1682,1.2187521
1683,1.0439931
1684,0.9537227
1685,0.9113279
1686,0.8082627
1687,0.7982873
1688,0.7522425
1689,0.67982614
1690,0.5838486
1691,0.5231492
1692,0.46162635
1693,0.40637743
1694,0.33167592
1695,0.28473532
1696,0.32442656
1697,0.33497265
1698,0.31121254
1699,0.30041122
1700,0.30846512
1701,0.34101713
1702,0.3074861
1703,0.3267868
1704,0.33685672
1705,0.30314967
1706,0.34252852
1707,0.33055866
1708,0.35924143
1709,0.3211179
1710,0.3301849
1711,0.35500595
1712,0.36209172
1713,0.38838223
1714,0.39399928
1715,0.40158975
1716,0.41297644
1717,0.41395235
1718,0.40832004
1719,0.4257598
1720,0.44139704
1721,0.48812374
1722,0.48695076
1723,0.53276736
1724,0.54255676
1725,0.5796449
1726,0.5296012
1727,0.6133761
1728,0.44908664
1729,0.86254823
1730,0.624697
1731,0.8545626
1732,0.7115191
1733,0.75362414
1734,0.545381
1735,1.0009292
1736,0.82292885
1737,0.6272411
1738,1.2473148
1739,0.70876116
1740,0.92127615
1741,0.62599844
1742,0.7932484
1743,0.96630174
1744,0.80957323
1745,0.9126763
1746,0.91115314
1747,0.9096896
1748,0.8988976
1749,0.9581987
1750,0.9271588
1751,0.9372738
1752,0.932571
1753,0.9900492
1754,0.9662091
1755,1.0396812
1756,1.0172981
1757,1.0599645
1758,1.0452896
1759,1.0645107
1760,1.0986875
1761,1.1146822
1762,1.1105509
1763,1.128875
1764,1.1764421
1765,1.1342906
1766,1.1715401
1767,1.2226593
1768,1.2140471
1769,1.2169359
1770,1.2287998
1771,1.2700374
1772,1.2431056
1773,1.3083303
1774,1.2739143
1775,1.3407707
1776,1.298796
1777,1.3155324
1778,1.3207444
1779,1.3417778
1780,1.3448734
1781,1.3294737
1782,1.3709993
1783,1.3672942
1784,1.3232672
1785,1.3612328
1786,1.3406668
1787,1.3316816
1788,1.348777
1789,1.3469933
1790,1.3443083
1791,1.3563334
1792,1.3225197
1793,1.3486456
1794,1.2894795
1795,1.3177693
1796,1.3084807
1797,1.3291333
1798,1.2744768
1799,1.3096263
1800,1.2872964
1801,1.2798892
1802,1.3015261
1803,1.2918826
1804,1.3056202
1805,1.2407788
1806,1.2770919
1807,1.2200089
1808,1.2712588
1809,1.2252833
1810,1.2485907
1811,1.2343693
1812,1.3066074
1813,1.2332308
1814,1.3192898
1815,1.2650898
1816,1.269758
1817,1.2784271
1818,1.2686523
1819,1.2668325
1820,1.2677331
1821,1.2514391
1822,1.2429258
1823,1.2032139
1824,1.1829575
1825,1.1925697
1826,1.1768789
1827,1.1719629
1828,1.1458263
1829,1.106609
1830,1.1199056
1831,1.0901965
1832,1.0884521
1833,1.1061275
1834,1.0719819
1835,1.0547606
1836,1.0633779
1837,1.0656885
1838,0.98698866
1839,1.0222955
1840,0.99142617
1841,1.0122674
1842,0.9871966
1843,0.9593064
1844,0.946893
1845,0.94963676
1846,0.88512176
1847,0.93892956
1848,0.90649813
1849,0.90531105
1850,0.9072521
1851,0.8949367
1852,0.8771249
1853,0.8826241
1854,0.8021177
1855,0.83787674
1856,0.80827403
1857,0.81328017
1858,0.8080288
1859,0.7555961
1860,0.76656497
1861,0.8099553
1862,0.7751984
1863,0.7565603
1864,0.763133
1865,0.72753274
1866,0.7148973
1867,0.6662129
1868,0.6591632
1869,0.6230012
1870,0.6554105
1871,0.61903757
1872,0.6345727
1873,0.58828646
1874,0.61555016
1875,0.59705836
1876,0.5346456
1877,0.5383239
1878,0.5436595
1879,0.5253731
1880,0.5373415
1881,0.5143797
1882,0.47751653
1883,0.4977112
1884,0.47773284
1885,0.50123703
1886,0.45526308
1887,0.44206002
1888,0.4227123
1889,0.462796
1890,0.33638424
1891,0.41677976
1892,0.3654249
1893,0.41775754
1894,0.35587704
1895,0.3490718
1896,0.31327236
1897,0.34746242
1898,0.32310438
1899,0.3221835
1900,0.34096524
1901,0.29387322
1902,0.31337163
1903,0.30382428
1904,0.31298566
1905,0.2581377
1906,0.2841449
1907,0.288603
1908,0.32943213
1909,0.24913003
1910,0.2998851
1911,0.30493763
1912,0.26102164
1913,0.28229815
1914,0.2527271
1915,0.29728463
1916,0.2666913
1917,0.27401233
1918,0.30079475
1919,0.30922168
1920,0.3129112
1921,0.31027117
1922,0.28539747
1923,0.30038017
1924,0.32745796
1925,0.30453044
1926,0.31242377
1927,0.30038875
1928,0.3478666
1929,0.35437292
1930,0.3605098
1931,0.3604719
1932,0.32923898
1933,0.37717363
1934,0.39667538
1935,0.43333897
1936,0.4085081
1937,0.4143499
1938,0.37980384
1939,0.42309326
1940,0.4264199
1941,0.44113666
1942,0.49791563
1943,0.46665666
1944,0.48298743
1945,0.48544362
1946,0.47335535
1947,0.52709323
1948,0.47600213
1949,0.4789245
1950,0.51393014
1951,0.4866686
1952,0.540033
1953,0.51392776
1954,0.5322
1955,0.49671227
1956,0.5461242
1957,0.521844
1958,0.5300734
1959,0.49138394
1960,0.5437782
1961,0.55019116
1962,0.53671885
1963,0.52408564
1964,0.5224676
1965,0.55596226
1966,0.51901513
1967,0.5426366
1968,0.49880594
1969,0.5006157
1970,0.53508705
1971,0.518835
1972,0.530937
1973,0.5903485
1974,0.5769121
1975,0.54030454
1976,0.56192225
1977,0.544465
1978,0.5374089
1979,0.5294529
1980,0.49811152
1981,0.5243457
1982,0.5189773
1983,0.4915118
1984,0.51884604
1985,0.48980045
1986,0.4839194
1987,0.46816695
1988,0.44942123
1989,0.5157664
1990,0.47612214
1991,0.49113822
1992,0.46223322
1993,0.4907708
1994,0.4763281
1995,0.50163347
1996,0.53508496
1997,0.4878266
1998,0.5208385
1999,0.44166732
2000,0.4344415
